id,age,sex,region,income,married,children,car,save_act,current_act,mortgage,response
ID12101,48,FEMALE,INNER_CITY,17546,NO,1,NO,NO,NO,NO,YES
ID12101,48,FEMALE,INNER_CITY,17546,NO,1,NO,NO,NO,NO,YES
ID12102,40,MALE,TOWN,30085.1,YES,3,YES,NO,YES,YES,NO
ID12103,51,FEMALE,INNER_CITY,16575.4,YES,0,YES,YES,YES,NO,NO
ID12104,,FEMALE,TOWN,20375.4,YES,3,NO,NO,YES,NO,NO
ID12105,23,FEMALE,RURAL,50576.3,YES,0,NO,YES,NO,NO,NO
ID12106,25,FEMALE,TOWN,37869.6,YES,2,NO,YES,YES,NO,YES
ID12107,35,MALE,RURAL,8877.07,NO,0,NO,NO,YES,NO,YES
ID12108,19,MALE,TOWN,24946.6,YES,0,YES,YES,YES,NO,NO
ID12109,26,FEMALE,SUBURBAN,,YES,2,YES,NO,NO,NO,NO
ID12110,27,MALE,TOWN,,YES,2,YES,YES,YES,NO,NO
ID12111,37,FEMALE,TOWN,,YES,0,NO,YES,YES,NO,NO
ID12112,49,FEMALE,INNER_CITY,,NO,0,YES,YES,YES,YES,NO
ID12113,21,FEMALE,TOWN,,YES,1,NO,YES,YES,YES,YES
ID12114,,FEMALE,TOWN,,YES,1,YES,YES,YES,YES,YES
ID12115,37,MALE,RURAL,,YES,0,NO,YES,YES,YES,NO
ID12116,45,FEMALE,INNER_CITY,,YES,0,YES,YES,YES,YES,NO
ID12117,28,FEMALE,TOWN,,YES,2,NO,NO,NO,YES,NO
ID12118,20,FEMALE,SUBURBAN,,YES,0,NO,YES,NO,YES,NO
ID12119,25,FEMALE,INNER_CITY,26909.2,YES,0,NO,YES,NO,NO,YES
ID12120,20,MALE,TOWN,22522.8,YES,0,YES,YES,YES,NO,NO
ID12121,29,MALE,INNER_CITY,57880.7,YES,2,NO,YES,NO,NO,YES
ID12122,30,MALE,TOWN,16497.3,YES,2,NO,YES,YES,NO,NO
ID12123,30,MALE,INNER_CITY,38446.6,YES,0,NO,YES,YES,NO,NO
ID12124,21,FEMALE,TOWN,15538.8,NO,0,YES,YES,YES,YES,NO
ID12125,31,MALE,INNER_CITY,12640.3,NO,2,YES,YES,YES,NO,NO
ID12126,32,MALE,INNER_CITY,41034,YES,0,YES,YES,YES,YES,NO
ID12127,46,MALE,INNER_CITY,20809.7,YES,0,NO,YES,YES,YES,NO
ID12128,23,FEMALE,TOWN,20114,YES,1,NO,NO,YES,NO,YES
ID12129,28,FEMALE,INNER_CITY,29359.1,NO,3,YES,NO,YES,YES,NO
ID12130,24,MALE,RURAL,24270.1,YES,1,NO,NO,YES,NO,YES
ID12131,32,FEMALE,RURAL,22942.9,YES,2,NO,YES,YES,NO,NO
ID12132,33,FEMALE,TOWN,16325.8,YES,2,NO,YES,NO,NO,NO
ID12133,,MALE,SUBURBAN,23443.2,YES,1,YES,YES,YES,NO,YES
ID12134,29,FEMALE,INNER_CITY,29921.3,NO,3,YES,YES,NO,NO,NO
ID12135,43,MALE,SUBURBAN,37521.9,NO,0,NO,YES,YES,NO,YES
ID12136,27,FEMALE,INNER_CITY,19868,YES,2,NO,YES,YES,NO,NO
ID12137,19,MALE,RURAL,10953,YES,3,YES,YES,YES,NO,NO
ID12138,36,FEMALE,RURAL,13381,NO,0,YES,NO,YES,NO,YES
ID12139,43,FEMALE,TOWN,18504.3,YES,0,YES,YES,YES,NO,NO
ID12140,66,FEMALE,SUBURBAN,25391.5,NO,2,NO,NO,YES,NO,NO
ID12141,55,MALE,TOWN,26774.2,YES,0,NO,NO,YES,YES,YES
ID12142,47,FEMALE,INNER_CITY,26952.6,YES,0,YES,NO,YES,NO,NO
ID12143,67,MALE,TOWN,55716.5,NO,2,YES,YES,NO,NO,YES
ID12144,32,FEMALE,TOWN,27571.5,YES,0,YES,NO,YES,YES,NO
ID12145,20,MALE,INNER_CITY,13740,NO,2,YES,YES,YES,YES,NO
ID12146,64,MALE,INNER_CITY,52670.6,YES,2,NO,YES,YES,YES,YES
ID12147,50,FEMALE,INNER_CITY,13283.9,NO,1,YES,YES,YES,NO,YES
ID12148,29,MALE,INNER_CITY,13106.6,NO,2,NO,YES,YES,YES,YES
ID12149,52,MALE,INNER_CITY,39547.8,NO,2,YES,NO,YES,NO,YES
ID12150,47,FEMALE,RURAL,17867.3,YES,2,YES,YES,NO,NO,NO
ID12151,24,MALE,TOWN,14309.7,NO,2,YES,YES,NO,NO,NO
ID12152,36,MALE,TOWN,23894.8,YES,0,NO,NO,NO,NO,NO
ID12153,43,MALE,TOWN,16259.7,YES,1,NO,YES,YES,NO,YES
ID12154,48,MALE,SUBURBAN,29794.1,NO,1,NO,YES,YES,NO,YES
ID12155,63,MALE,TOWN,56842.5,YES,0,NO,YES,YES,YES,NO
ID12156,52,FEMALE,RURAL,,NO,3,NO,YES,NO,NO,YES
ID12157,58,FEMALE,INNER_CITY,,NO,0,NO,NO,YES,NO,YES
ID12158,28,MALE,INNER_CITY,,YES,0,NO,YES,YES,NO,YES
ID12159,29,FEMALE,INNER_CITY,,YES,0,NO,NO,YES,NO,NO
ID12160,34,MALE,INNER_CITY,,NO,1,YES,YES,YES,YES,YES
ID12161,42,FEMALE,INNER_CITY,,YES,1,NO,YES,YES,YES,YES
ID12162,65,FEMALE,INNER_CITY,,NO,1,YES,NO,YES,NO,YES
ID12163,47,MALE,INNER_CITY,,YES,2,NO,YES,YES,NO,NO
ID12164,20,MALE,INNER_CITY,,YES,0,NO,YES,NO,NO,NO
ID12165,21,MALE,TOWN,,NO,0,YES,YES,YES,YES,NO
ID12166,420,MALE,INNER_CITY,,YES,0,NO,YES,YES,NO,NO
ID12167,34,MALE,TOWN,,NO,2,NO,YES,YES,NO,NO
ID12168,21,FEMALE,TOWN,,NO,0,NO,YES,YES,YES,NO
ID12169,35,MALE,TOWN,,NO,2,NO,YES,YES,NO,NO
ID12170,36,FEMALE,RURAL,,YES,2,NO,NO,YES,NO,YES
ID12171,30,MALE,INNER_CITY,,YES,3,YES,YES,YES,NO,NO
ID12172,22,MALE,INNER_CITY,,NO,0,NO,NO,YES,NO,YES
ID12173,31,MALE,INNER_CITY,,YES,3,YES,YES,YES,YES,YES
ID12174,37,FEMALE,INNER_CITY,,YES,2,NO,YES,NO,YES,NO
ID12175,38,FEMALE,INNER_CITY,,NO,2,YES,YES,YES,NO,YES
ID12176,39,FEMALE,RURAL,,NO,2,YES,NO,NO,NO,YES
ID12177,23,FEMALE,TOWN,,NO,0,NO,YES,YES,YES,NO
ID12178,26,MALE,INNER_CITY,,YES,1,YES,YES,YES,YES,YES
ID12179,24,FEMALE,INNER_CITY,,YES,0,YES,NO,YES,NO,NO
ID12180,,FEMALE,TOWN,,YES,2,YES,YES,NO,NO,YES
ID12181,32,FEMALE,TOWN,,NO,3,NO,YES,YES,NO,YES
ID12182,33,MALE,INNER_CITY,,NO,3,NO,NO,YES,NO,NO
ID12183,27,FEMALE,INNER_CITY,,YES,1,NO,YES,YES,NO,NO
ID12184,28,MALE,INNER_CITY,,YES,1,NO,YES,YES,NO,YES
ID12185,25,MALE,INNER_CITY,,YES,0,NO,NO,YES,YES,YES
ID12186,29,MALE,INNER_CITY,,YES,1,YES,YES,YES,NO,YES
ID12187,26,FEMALE,INNER_CITY,,YES,0,NO,YES,YES,NO,NO
ID12188,27,FEMALE,TOWN,,NO,0,YES,YES,YES,YES,NO
ID12189,28,MALE,SUBURBAN,,YES,0,YES,YES,NO,YES,NO
ID12190,41,FEMALE,INNER_CITY,,YES,2,NO,NO,YES,NO,YES
ID12191,30,MALE,TOWN,,YES,1,YES,NO,YES,YES,YES
ID12192,42,FEMALE,INNER_CITY,,NO,2,NO,YES,YES,YES,NO
ID12193,29,FEMALE,RURAL,,NO,0,NO,NO,YES,NO,YES
ID12194,61,MALE,INNER_CITY,,YES,2,YES,YES,YES,NO,NO
ID12195,61,FEMALE,INNER_CITY,,YES,0,YES,YES,NO,NO,NO
ID12196,18,FEMALE,INNER_CITY,,YES,0,NO,YES,YES,NO,NO
ID12197,22,MALE,INNER_CITY,,YES,1,NO,NO,NO,YES,NO
ID12198,34,MALE,TOWN,,YES,2,YES,YES,YES,YES,YES
ID12199,35,FEMALE,INNER_CITY,,NO,2,NO,YES,YES,NO,NO
ID12200,18,FEMALE,RURAL,,YES,0,YES,NO,YES,NO,NO
ID12201,54,MALE,INNER_CITY,,YES,1,NO,YES,YES,YES,YES
ID12202,27,FEMALE,INNER_CITY,,YES,2,YES,YES,YES,NO,NO
ID12203,42,MALE,INNER_CITY,,YES,0,YES,NO,YES,YES,YES
ID12204,43,MALE,TOWN,,NO,0,NO,YES,YES,YES,NO
ID12205,64,FEMALE,INNER_CITY,,YES,1,NO,YES,YES,NO,YES
ID12206,43,MALE,TOWN,,YES,3,YES,YES,YES,NO,NO
ID12207,49,MALE,RURAL,,YES,0,YES,YES,NO,NO,NO
ID12208,23,MALE,INNER_CITY,,YES,0,NO,NO,YES,NO,NO
ID12209,23,MALE,INNER_CITY,,NO,0,NO,YES,YES,NO,YES
ID12210,30,FEMALE,INNER_CITY,,YES,2,YES,YES,YES,YES,NO
ID12211,36,MALE,TOWN,,NO,2,NO,YES,YES,NO,YES
ID12212,34,MALE,INNER_CITY,,YES,3,YES,NO,NO,YES,NO
ID12213,51,FEMALE,INNER_CITY,,YES,0,YES,NO,YES,NO,NO
ID12214,36,MALE,TOWN,,NO,2,YES,YES,YES,NO,YES
ID12215,56,MALE,INNER_CITY,,YES,1,YES,YES,YES,NO,YES
ID12216,54,FEMALE,INNER_CITY,,YES,0,NO,YES,YES,NO,NO
ID12217,56,FEMALE,TOWN,,YES,2,NO,YES,NO,NO,NO
ID12218,26,MALE,INNER_CITY,,YES,3,NO,YES,YES,YES,NO
ID12219,39,MALE,TOWN,,NO,0,YES,NO,NO,NO,YES
ID12220,34,FEMALE,RURAL,,YES,3,YES,YES,YES,NO,YES
ID12221,43,MALE,RURAL,,NO,2,NO,YES,NO,YES,NO
ID12222,31,FEMALE,RURAL,,YES,1,YES,YES,YES,NO,YES
ID12223,32,FEMALE,TOWN,,YES,1,NO,YES,NO,YES,YES
ID12224,33,FEMALE,RURAL,,NO,1,NO,YES,YES,NO,YES
ID12225,35,MALE,RURAL,,NO,3,YES,YES,NO,NO,YES
ID12226,44,MALE,INNER_CITY,,YES,2,NO,NO,YES,NO,YES
ID12227,30,FEMALE,TOWN,,YES,0,YES,YES,YES,NO,NO
ID12228,31,FEMALE,INNER_CITY,,YES,0,NO,YES,YES,NO,NO
ID12229,36,MALE,TOWN,,YES,3,YES,YES,YES,NO,NO
ID12230,32,FEMALE,RURAL,,NO,0,YES,YES,YES,NO,YES
ID12231,45,MALE,INNER_CITY,,NO,2,NO,NO,YES,NO,NO
ID12232,37,MALE,RURAL,,YES,3,NO,YES,YES,YES,NO
ID12233,46,FEMALE,SUBURBAN,,NO,2,YES,YES,YES,NO,NO
ID12234,33,FEMALE,SUBURBAN,,YES,0,YES,NO,YES,NO,NO
ID12235,47,FEMALE,TOWN,,YES,2,YES,YES,YES,YES,YES
ID12236,34,FEMALE,TOWN,,YES,1,YES,YES,YES,NO,YES
ID12237,48,FEMALE,INNER_CITY,,YES,2,YES,NO,YES,YES,NO
ID12238,34,FEMALE,INNER_CITY,,NO,0,NO,YES,YES,NO,YES
ID12239,35,FEMALE,RURAL,,YES,0,NO,YES,YES,NO,NO
ID12240,35,FEMALE,INNER_CITY,,NO,1,NO,YES,YES,NO,YES
ID12241,38,MALE,INNER_CITY,,YES,3,NO,YES,YES,NO,NO
ID12242,36,FEMALE,INNER_CITY,,YES,0,NO,NO,YES,NO,NO
ID12243,36,FEMALE,TOWN,,YES,1,YES,NO,NO,YES,NO
ID12244,37,MALE,TOWN,,YES,0,YES,YES,YES,YES,NO
ID12245,37,MALE,INNER_CITY,,YES,1,NO,YES,YES,NO,YES
ID12246,38,MALE,SUBURBAN,,YES,0,NO,YES,NO,YES,YES
ID12247,49,MALE,TOWN,,YES,2,YES,NO,YES,NO,NO
ID12248,,FEMALE,INNER_CITY,,NO,2,,YES,YES,NO,NO
ID12249,39,MALE,RURAL,,YES,0,YES,YES,NO,NO,NO
ID12250,39,FEMALE,SUBURBAN,,YES,3,YES,YES,YES,NO,NO
ID12251,38,MALE,RURAL,,YES,1,YES,YES,YES,NO,YES
ID12252,51,MALE,TOWN,,NO,2,YES,NO,YES,NO,YES
ID12253,52,MALE,TOWN,,YES,2,NO,YES,NO,YES,YES
ID12254,39,MALE,INNER_CITY,,YES,1,NO,YES,YES,YES,YES
ID12255,53,MALE,RURAL,,NO,2,YES,NO,NO,NO,NO
ID12256,54,FEMALE,SUBURBAN,,YES,2,NO,YES,YES,NO,YES
ID12257,40,MALE,TOWN,,YES,0,YES,YES,YES,NO,NO
ID12258,55,MALE,RURAL,,YES,2,YES,YES,YES,NO,NO
ID12259,41,FEMALE,TOWN,,YES,0,NO,NO,YES,NO,YES
ID12260,40,FEMALE,TOWN,,YES,1,NO,YES,YES,NO,YES
ID12261,56,MALE,INNER_CITY,,YES,2,YES,YES,YES,NO,NO
ID12262,42,FEMALE,INNER_CITY,,YES,0,NO,NO,NO,NO,NO
ID12263,40,FEMALE,TOWN,,NO,3,NO,NO,YES,NO,NO
ID12264,41,FEMALE,TOWN,,NO,1,YES,NO,YES,NO,NO
ID12265,43,FEMALE,INNER_CITY,,YES,0,NO,NO,NO,NO,NO
ID12266,42,MALE,RURAL,,YES,1,NO,NO,YES,YES,YES
ID12267,43,MALE,TOWN,,NO,1,NO,YES,YES,YES,NO
ID12268,24,MALE,INNER_CITY,,NO,1,NO,NO,NO,YES,NO
ID12269,37,FEMALE,TOWN,,NO,0,YES,YES,YES,NO,NO
ID12270,56,MALE,INNER_CITY,,YES,0,NO,NO,YES,NO,NO
ID12271,52,MALE,INNER_CITY,,YES,0,YES,YES,YES,NO,NO
ID12272,22,MALE,INNER_CITY,,YES,2,NO,NO,YES,NO,NO
ID12273,35,MALE,INNER_CITY,,YES,3,YES,YES,YES,NO,NO
ID12274,34,MALE,RURAL,,YES,1,YES,YES,YES,NO,YES
ID12275,67,FEMALE,TOWN,,YES,2,NO,YES,YES,NO,YES
ID12276,58,FEMALE,INNER_CITY,,NO,0,NO,YES,YES,NO,YES
ID12277,40,MALE,TOWN,,YES,0,YES,YES,YES,NO,NO
ID12278,41,FEMALE,INNER_CITY,,YES,0,YES,YES,YES,YES,YES
ID12279,43,MALE,INNER_CITY,,YES,0,NO,NO,NO,NO,YES
ID12280,63,MALE,INNER_CITY,,YES,2,NO,NO,YES,NO,YES
ID12281,22,FEMALE,INNER_CITY,,YES,1,NO,YES,YES,YES,YES
ID12282,60,MALE,RURAL,,NO,0,NO,YES,YES,NO,YES
ID12283,65,FEMALE,INNER_CITY,,NO,0,YES,YES,YES,YES,NO
ID12284,48,FEMALE,INNER_CITY,,YES,2,YES,YES,YES,YES,NO
ID12285,38,FEMALE,INNER_CITY,,NO,0,YES,YES,NO,YES,NO
ID12286,49,MALE,RURAL,,YES,1,YES,YES,YES,YES,YES
ID12287,20,FEMALE,INNER_CITY,,YES,0,NO,NO,NO,YES,YES
ID12288,48,FEMALE,TOWN,,YES,1,NO,NO,YES,NO,YES
ID12289,38,MALE,INNER_CITY,,YES,2,,NO,YES,YES,NO
ID12290,41,FEMALE,INNER_CITY,,YES,0,NO,NO,YES,NO,NO
ID12291,67,FEMALE,SUBURBAN,,YES,2,YES,YES,YES,NO,YES
ID12292,39,MALE,INNER_CITY,,YES,1,YES,YES,NO,NO,NO
ID12293,64,FEMALE,RURAL,,YES,3,NO,YES,YES,NO,YES
ID12294,41,MALE,INNER_CITY,,YES,0,YES,NO,YES,YES,YES
ID12295,55,MALE,SUBURBAN,,YES,2,YES,NO,YES,NO,YES
ID12296,52,MALE,INNER_CITY,,YES,1,NO,YES,NO,YES,YES
ID12297,30,FEMALE,INNER_CITY,,NO,0,NO,NO,YES,YES,YES
ID12298,52,MALE,INNER_CITY,,YES,2,YES,YES,YES,NO,YES
ID12299,26,MALE,INNER_CITY,,NO,2,NO,NO,YES,YES,NO
ID12300,26,FEMALE,INNER_CITY,20819,YES,0,NO,YES,YES,NO,YES
ID12301,46,MALE,TOWN,26077.8,YES,1,YES,YES,YES,NO,YES
ID12302,46,FEMALE,TOWN,41627.1,YES,0,,YES,YES,YES,NO
ID12303,52,MALE,INNER_CITY,,YES,0,NO,NO,YES,NO,NO
ID12304,37,MALE,INNER_CITY,,NO,3,YES,NO,YES,NO,NO
ID12305,44,MALE,INNER_CITY,,YES,1,NO,YES,YES,YES,YES
ID12306,44,MALE,INNER_CITY,,NO,0,YES,NO,YES,YES,YES
ID12307,45,MALE,INNER_CITY,,NO,0,YES,YES,YES,NO,YES
ID12308,46,FEMALE,INNER_CITY,,YES,0,NO,YES,YES,YES,NO
ID12309,47,MALE,INNER_CITY,,YES,0,YES,YES,YES,NO,NO
ID12310,48,MALE,INNER_CITY,,NO,0,NO,YES,NO,NO,YES
ID12311,49,MALE,INNER_CITY,,NO,0,YES,NO,NO,NO,YES
ID12312,45,MALE,TOWN,,YES,1,YES,YES,YES,NO,YES
ID12313,50,MALE,INNER_CITY,,YES,0,YES,YES,YES,NO,YES
ID12314,46,MALE,TOWN,,NO,1,NO,NO,YES,NO,YES
ID12315,51,MALE,INNER_CITY,,YES,0,NO,YES,YES,NO,NO
ID12316,52,MALE,SUBURBAN,,YES,0,NO,YES,YES,NO,NO
ID12317,,FEMALE,SUBURBAN,,YES,0,YES,NO,YES,NO,NO
ID12318,41,FEMALE,INNER_CITY,,YES,3,YES,YES,YES,YES,NO
ID12319,54,MALE,TOWN,,NO,0,YES,YES,NO,NO,YES
ID12320,35,FEMALE,INNER_CITY,28598.7,YES,0,YES,YES,YES,NO,NO
ID12321,37,FEMALE,INNER_CITY,26261.7,NO,2,YES,NO,NO,NO,NO
ID12322,47,MALE,INNER_CITY,42124.1,YES,2,NO,YES,YES,NO,YES
ID12323,42,FEMALE,INNER_CITY,39308.7,YES,1,NO,YES,YES,NO,YES
ID12324,67,FEMALE,INNER_CITY,43530,YES,0,NO,YES,YES,YES,NO
ID12325,57,MALE,RURAL,49874.4,YES,3,NO,YES,YES,NO,YES
ID12326,47,FEMALE,RURAL,27434.8,NO,0,YES,YES,YES,NO,YES
ID12327,67,MALE,INNER_CITY,50474.6,YES,2,YES,YES,YES,NO,YES
ID12328,56,MALE,TOWN,24888.2,NO,0,NO,YES,YES,NO,YES
ID12329,37,MALE,RURAL,28021.6,NO,0,YES,NO,YES,YES,YES
ID12330,27,MALE,INNER_CITY,12279.5,NO,0,YES,NO,NO,NO,YES
ID12331,59,FEMALE,INNER_CITY,30189.4,YES,0,YES,NO,YES,YES,YES
ID12332,31,MALE,INNER_CITY,28969.4,NO,1,NO,NO,YES,YES,NO
ID12333,31,MALE,SUBURBAN,14058.5,YES,0,NO,NO,YES,YES,YES
ID12334,32,FEMALE,TOWN,30404.3,YES,0,YES,YES,YES,NO,NO
ID12335,57,FEMALE,RURAL,41438.2,NO,3,NO,YES,NO,NO,NO
ID12336,49,FEMALE,INNER_CITY,16711.3,NO,1,NO,YES,YES,YES,YES
ID12337,65,MALE,TOWN,52255.9,NO,2,YES,YES,YES,NO,YES
ID12338,22,FEMALE,INNER_CITY,17866.9,YES,2,NO,YES,YES,YES,NO
ID12339,26,FEMALE,RURAL,18067.5,YES,2,NO,YES,NO,NO,NO
ID12340,23,MALE,INNER_CITY,12823.7,YES,0,YES,YES,YES,NO,NO
ID12341,26,FEMALE,RURAL,11299.3,YES,2,YES,NO,NO,NO,NO
ID12342,59,FEMALE,INNER_CITY,56031.1,NO,0,YES,YES,YES,NO,YES
ID12343,67,MALE,INNER_CITY,35263.5,YES,1,YES,YES,YES,NO,YES
ID12344,34,FEMALE,INNER_CITY,19968.1,YES,0,YES,YES,YES,NO,NO
ID12345,50,MALE,RURAL,27825.5,YES,2,YES,YES,NO,NO,NO
ID12346,46,MALE,SUBURBAN,37773.9,NO,0,YES,YES,YES,YES,NO
ID12347,23,FEMALE,INNER_CITY,7606.25,NO,3,YES,NO,NO,NO,NO
ID12348,26,MALE,RURAL,21384.4,YES,0,NO,NO,YES,NO,NO
ID12349,40,MALE,TOWN,20347,YES,3,NO,YES,YES,NO,NO
ID12350,36,MALE,TOWN,21332.3,YES,3,YES,NO,YES,NO,NO
ID12351,65,MALE,INNER_CITY,57671.7,NO,0,NO,YES,YES,YES,NO
ID12352,45,FEMALE,TOWN,36057.8,YES,1,YES,YES,YES,YES,YES
ID12353,23,MALE,INNER_CITY,14290.5,YES,2,NO,NO,YES,YES,NO
ID12354,42,FEMALE,TOWN,17882.9,YES,1,NO,NO,NO,NO,YES
ID12355,21,FEMALE,RURAL,10629.1,NO,3,NO,YES,YES,YES,NO
ID12356,57,FEMALE,INNER_CITY,24262.8,NO,0,YES,NO,YES,NO,YES
ID12357,57,FEMALE,SUBURBAN,26097.9,NO,2,NO,YES,YES,NO,NO
ID12358,58,FEMALE,TOWN,23371,YES,2,NO,NO,YES,YES,NO
ID12359,42,FEMALE,TOWN,21495.6,NO,3,NO,NO,YES,YES,NO
ID12360,61,MALE,TOWN,12166.9,NO,0,NO,NO,NO,NO,NO
ID12361,23,MALE,SUBURBAN,17180.2,YES,0,NO,YES,YES,NO,NO
ID12362,47,FEMALE,TOWN,28882.3,YES,1,NO,YES,YES,YES,YES
ID12363,24,FEMALE,TOWN,21612.2,YES,0,NO,NO,YES,NO,NO
ID12364,40,FEMALE,INNER_CITY,46358.4,YES,0,YES,YES,YES,YES,NO
ID12365,36,MALE,INNER_CITY,19166,NO,0,YES,YES,NO,NO,YES
ID12366,48,MALE,INNER_CITY,17921.8,YES,1,YES,NO,NO,NO,YES
ID12367,42,MALE,TOWN,33229,NO,0,,YES,YES,NO,YES
ID12368,25,FEMALE,SUBURBAN,30396.1,NO,0,NO,YES,YES,NO,YES
ID12369,63,FEMALE,TOWN,34625.2,YES,0,YES,NO,YES,NO,NO
ID12370,20,MALE,TOWN,16672.8,NO,3,YES,NO,YES,YES,NO
ID12371,67,FEMALE,SUBURBAN,60747.5,NO,2,NO,YES,YES,YES,YES
ID12372,62,FEMALE,INNER_CITY,56394.3,NO,0,YES,YES,YES,NO,YES
ID12373,36,MALE,TOWN,13236.4,YES,0,NO,YES,YES,NO,NO
ID12374,31,MALE,INNER_CITY,28409.4,YES,1,YES,NO,YES,NO,YES
ID12375,42,FEMALE,INNER_CITY,27056.5,YES,0,YES,YES,YES,NO,NO
ID12376,18,MALE,RURAL,9362.58,YES,0,YES,NO,YES,YES,YES
ID12377,46,FEMALE,SUBURBAN,28702.7,NO,1,NO,YES,YES,YES,YES
ID12378,25,MALE,TOWN,22366.1,YES,1,YES,YES,YES,NO,YES
ID12379,65,FEMALE,RURAL,24477.5,NO,0,NO,YES,NO,YES,NO
ID12380,40,MALE,TOWN,36972.4,YES,1,NO,NO,YES,YES,YES
ID12381,32,MALE,INNER_CITY,22327.8,YES,1,NO,NO,NO,NO,YES
ID12382,18,FEMALE,INNER_CITY,15610.2,YES,0,NO,YES,YES,NO,NO
ID12383,64,MALE,INNER_CITY,54314.5,YES,1,YES,YES,NO,NO,YES
ID12384,43,FEMALE,INNER_CITY,39175.8,YES,3,NO,YES,YES,YES,NO
ID12385,22,FEMALE,INNER_CITY,13739,YES,3,NO,YES,YES,NO,NO
ID12386,25,MALE,TOWN,9485.84,YES,0,NO,NO,NO,NO,NO
ID12387,39,MALE,INNER_CITY,24675.7,YES,1,YES,YES,YES,YES,YES
ID12388,58,FEMALE,INNER_CITY,28253.6,YES,3,NO,NO,YES,NO,NO
ID12389,33,MALE,INNER_CITY,14136.5,YES,1,NO,YES,NO,NO,NO
ID12390,52,FEMALE,RURAL,37162.1,YES,1,YES,YES,YES,NO,YES
ID12391,23,MALE,INNER_CITY,13519.2,NO,0,NO,YES,YES,NO,YES
ID12392,44,FEMALE,INNER_CITY,39253.6,NO,0,YES,YES,NO,NO,YES
ID12393,51,MALE,RURAL,46323.8,YES,2,YES,YES,YES,YES,YES
ID12394,26,FEMALE,TOWN,20950.7,YES,0,NO,YES,YES,NO,NO
ID12395,42,MALE,TOWN,22495.7,YES,0,NO,YES,NO,YES,NO
ID12396,34,MALE,TOWN,32548.9,YES,0,YES,YES,YES,YES,NO
ID12397,54,FEMALE,RURAL,24583.4,NO,2,YES,YES,YES,YES,NO
ID12398,18,MALE,RURAL,8639.24,YES,2,NO,NO,NO,NO,NO
ID12399,47,FEMALE,INNER_CITY,17139.5,NO,2,YES,NO,YES,NO,NO
ID12400,24,FEMALE,INNER_CITY,13667.7,YES,0,NO,YES,YES,NO,NO
ID12401,19,FEMALE,INNER_CITY,8162.42,YES,1,YES,YES,YES,YES,NO
ID12402,37,FEMALE,TOWN,15349.6,YES,0,NO,YES,NO,NO,NO
ID12403,45,FEMALE,TOWN,29231.4,YES,0,NO,YES,NO,NO,NO
ID12404,49,MALE,RURAL,41462.3,YES,3,NO,YES,YES,YES,NO
ID12405,67,FEMALE,RURAL,57398.1,NO,3,NO,YES,YES,NO,YES
ID12406,35,FEMALE,RURAL,11520.8,YES,0,NO,NO,YES,NO,NO
ID12407,63,MALE,INNER_CITY,52117.3,NO,2,YES,YES,YES,NO,YES
ID12408,38,MALE,RURAL,26281.4,NO,0,YES,YES,YES,NO,YES
ID12409,48,MALE,TOWN,25683.4,NO,2,YES,YES,YES,NO,NO
ID12410,28,FEMALE,INNER_CITY,11920.7,NO,1,NO,YES,YES,NO,NO
ID12411,46,MALE,TOWN,30658.7,YES,0,NO,YES,YES,NO,NO
ID12412,66,MALE,INNER_CITY,36646.4,NO,1,NO,YES,YES,NO,YES
ID12413,61,FEMALE,TOWN,30760.4,NO,2,YES,NO,YES,NO,YES
ID12414,18,FEMALE,RURAL,16109.9,NO,2,YES,YES,YES,NO,NO
ID12415,54,FEMALE,TOWN,18036.7,YES,0,YES,YES,NO,NO,NO
ID12416,45,MALE,RURAL,42628.3,NO,0,YES,YES,YES,YES,NO
ID12417,60,MALE,INNER_CITY,22110.1,NO,2,YES,YES,YES,NO,NO
ID12418,45,FEMALE,TOWN,37689.1,NO,1,NO,YES,YES,YES,YES
ID12419,31,FEMALE,INNER_CITY,23171.8,NO,2,NO,YES,NO,NO,NO
ID12420,39,MALE,SUBURBAN,21951.3,NO,0,YES,YES,YES,YES,NO
ID12421,53,MALE,INNER_CITY,38103.4,NO,2,YES,YES,YES,NO,YES
ID12422,35,MALE,RURAL,22882.9,YES,0,YES,NO,NO,YES,YES
ID12423,25,FEMALE,TOWN,11043.7,YES,1,YES,YES,NO,YES,NO
ID12424,32,MALE,TOWN,24027.6,NO,0,NO,YES,YES,NO,YES
ID12425,36,MALE,SUBURBAN,28495.1,YES,0,NO,YES,YES,NO,NO
ID12426,24,FEMALE,TOWN,9465.21,NO,0,NO,NO,YES,NO,YES
ID12427,39,MALE,INNER_CITY,34852.3,YES,1,NO,YES,NO,YES,YES
ID12428,24,MALE,INNER_CITY,21268.4,YES,0,NO,NO,YES,YES,YES
ID12429,57,FEMALE,RURAL,50849.2,NO,1,NO,YES,NO,YES,YES
ID12430,27,FEMALE,TOWN,18555.9,YES,3,NO,NO,YES,NO,NO
ID12431,66,FEMALE,RURAL,52769.9,YES,3,YES,YES,YES,NO,YES
ID12432,18,FEMALE,INNER_CITY,11601.4,YES,2,NO,YES,YES,YES,NO
ID12433,33,FEMALE,TOWN,29541.7,YES,0,NO,YES,NO,NO,NO
ID12434,48,MALE,SUBURBAN,17861,YES,2,NO,YES,YES,NO,NO
ID12435,23,FEMALE,SUBURBAN,21042,YES,1,NO,NO,YES,NO,YES
ID12436,44,MALE,TOWN,26688.1,YES,1,NO,YES,NO,YES,YES
ID12437,39,MALE,INNER_CITY,26900.6,YES,2,NO,NO,NO,YES,NO
ID12438,49,MALE,INNER_CITY,38080.9,YES,1,YES,YES,NO,YES,NO
ID12439,25,MALE,SUBURBAN,37554.1,YES,2,YES,YES,YES,YES,YES
ID12440,54,MALE,INNER_CITY,18184.6,YES,0,NO,NO,YES,YES,YES
ID12441,36,FEMALE,SUBURBAN,28864.9,YES,0,NO,YES,YES,NO,NO
ID12442,50,MALE,RURAL,,YES,1,YES,YES,NO,NO,YES
ID12443,55,MALE,INNER_CITY,,YES,0,YES,YES,YES,NO,NO
ID12444,56,FEMALE,INNER_CITY,,YES,0,NO,YES,YES,NO,NO
ID12445,26,MALE,RURAL,,YES,2,YES,YES,YES,NO,NO
ID12446,,FEMALE,TOWN,,YES,1,,YES,YES,NO,YES
ID12447,57,MALE,RURAL,,YES,0,YES,YES,NO,YES,NO
ID12448,58,FEMALE,INNER_CITY,,YES,0,NO,YES,NO,NO,NO
ID12449,59,MALE,INNER_CITY,,YES,0,NO,YES,NO,YES,NO
ID12450,52,FEMALE,INNER_CITY,,NO,1,NO,NO,YES,NO,YES
ID12451,,FEMALE,INNER_CITY,,NO,0,YES,NO,YES,YES,YES
ID12452,61,MALE,TOWN,,YES,0,NO,YES,YES,YES,NO
ID12453,56,FEMALE,RURAL,,NO,1,NO,YES,YES,YES,NO
ID12454,48,MALE,TOWN,,NO,1,YES,YES,YES,NO,YES
ID12455,49,FEMALE,SUBURBAN,,YES,0,YES,NO,YES,YES,YES
ID12456,54,FEMALE,RURAL,,YES,2,NO,YES,YES,YES,YES
ID12457,41,FEMALE,SUBURBAN,,YES,0,NO,NO,YES,NO,NO
ID12458,19,MALE,RURAL,,NO,0,NO,YES,YES,NO,YES
ID12459,52,FEMALE,INNER_CITY,,NO,3,YES,NO,YES,NO,NO
ID12460,52,FEMALE,INNER_CITY,,YES,1,YES,YES,NO,NO,YES
ID12461,64,FEMALE,TOWN,,NO,2,YES,YES,YES,NO,YES
ID12462,56,MALE,TOWN,,YES,3,NO,YES,YES,YES,NO
ID12463,56,MALE,TOWN,,YES,2,NO,NO,YES,NO,NO
ID12464,19,FEMALE,TOWN,,YES,0,NO,YES,YES,NO,NO
ID12465,56,FEMALE,TOWN,,YES,1,YES,YES,NO,NO,YES
ID12466,27,MALE,INNER_CITY,,YES,2,YES,YES,NO,NO,YES
ID12467,59,FEMALE,INNER_CITY,,NO,1,YES,NO,YES,NO,YES
ID12468,56,MALE,INNER_CITY,,YES,0,YES,YES,YES,YES,NO
ID12469,21,MALE,TOWN,,YES,0,NO,YES,YES,YES,NO
ID12470,64,MALE,INNER_CITY,,YES,3,NO,YES,NO,YES,NO
ID12471,62,MALE,INNER_CITY,,YES,0,NO,YES,YES,NO,NO
ID12472,44,FEMALE,INNER_CITY,,NO,2,NO,YES,YES,NO,YES
ID12473,24,FEMALE,INNER_CITY,,NO,0,NO,NO,NO,NO,YES
ID12474,52,FEMALE,INNER_CITY,,YES,0,NO,NO,YES,NO,NO
ID12475,67,FEMALE,SUBURBAN,,YES,2,NO,YES,YES,NO,YES
ID12476,41,MALE,INNER_CITY,,YES,0,YES,YES,YES,NO,NO
ID12477,58,FEMALE,TOWN,,NO,1,NO,NO,NO,YES,YES
ID12478,40,MALE,INNER_CITY,,NO,2,NO,NO,YES,NO,NO
ID12479,19,MALE,SUBURBAN,,YES,0,NO,NO,YES,YES,YES
ID12480,20,FEMALE,INNER_CITY,,YES,3,NO,NO,YES,NO,NO
ID12481,56,FEMALE,TOWN,,NO,0,YES,YES,YES,NO,YES
ID12482,46,FEMALE,INNER_CITY,,YES,2,YES,YES,YES,NO,NO
ID12483,30,MALE,INNER_CITY,,YES,1,NO,NO,YES,NO,NO
ID12484,40,FEMALE,TOWN,,YES,1,YES,YES,YES,NO,YES
ID12485,36,FEMALE,TOWN,,YES,0,NO,NO,YES,NO,NO
ID12486,57,FEMALE,INNER_CITY,,NO,3,YES,NO,YES,YES,NO
ID12487,49,MALE,INNER_CITY,,NO,0,NO,NO,YES,NO,NO
ID12488,61,MALE,INNER_CITY,,NO,1,YES,NO,NO,NO,YES
ID12489,29,MALE,INNER_CITY,,NO,0,YES,NO,YES,NO,YES
ID12490,48,FEMALE,INNER_CITY,,YES,0,NO,YES,NO,NO,NO
ID12491,56,FEMALE,INNER_CITY,,YES,0,NO,YES,YES,NO,NO
ID12492,40,MALE,TOWN,,NO,0,YES,NO,YES,NO,YES
ID12493,58,FEMALE,TOWN,,YES,3,YES,YES,NO,NO,NO
ID12494,60,FEMALE,INNER_CITY,,YES,2,YES,YES,NO,YES,NO
ID12495,58,FEMALE,SUBURBAN,,NO,0,YES,NO,NO,YES,YES
ID12496,67,FEMALE,TOWN,,YES,3,YES,NO,NO,YES,NO
ID12497,40,MALE,RURAL,,YES,0,YES,YES,NO,NO,NO
ID12498,48,MALE,INNER_CITY,,YES,2,NO,YES,YES,NO,YES
ID12499,64,FEMALE,INNER_CITY,,NO,1,NO,YES,YES,NO,YES
ID12500,43,MALE,TOWN,,YES,0,YES,YES,NO,YES,NO
ID12501,34,FEMALE,RURAL,,NO,0,NO,NO,YES,YES,YES
ID12502,26,MALE,RURAL,,NO,3,YES,NO,NO,YES,NO
ID12503,48,MALE,INNER_CITY,,YES,0,YES,NO,YES,NO,NO
ID12504,35,MALE,INNER_CITY,,NO,0,NO,NO,NO,YES,YES
ID12505,24,FEMALE,INNER_CITY,,YES,3,NO,YES,YES,NO,YES
ID12506,47,MALE,SUBURBAN,,YES,3,YES,YES,YES,NO,YES
ID12507,52,MALE,SUBURBAN,,NO,1,NO,YES,YES,NO,YES
ID12508,31,MALE,SUBURBAN,,NO,0,NO,YES,YES,NO,YES
ID12509,41,FEMALE,SUBURBAN,,YES,1,YES,NO,NO,NO,YES
ID12510,23,MALE,SUBURBAN,,YES,2,NO,YES,NO,NO,NO
ID12511,27,FEMALE,INNER_CITY,,NO,1,YES,NO,YES,YES,YES
ID12512,22,MALE,INNER_CITY,,NO,0,YES,YES,YES,YES,NO
ID12513,67,FEMALE,INNER_CITY,,NO,2,YES,YES,YES,NO,YES
ID12514,26,FEMALE,INNER_CITY,,YES,0,YES,NO,YES,NO,YES
ID12515,58,FEMALE,SUBURBAN,,YES,0,NO,YES,YES,NO,NO
ID12516,27,MALE,RURAL,,YES,0,NO,YES,YES,YES,NO
ID12517,36,MALE,INNER_CITY,,NO,1,NO,YES,NO,YES,NO
ID12518,31,MALE,RURAL,,YES,1,YES,NO,NO,NO,YES
ID12519,28,FEMALE,TOWN,,YES,2,YES,YES,NO,NO,YES
ID12520,57,MALE,TOWN,,YES,0,NO,YES,YES,YES,NO
ID12521,64,MALE,INNER_CITY,,YES,0,YES,YES,YES,YES,NO
ID12522,49,MALE,INNER_CITY,,NO,1,NO,YES,NO,NO,YES
ID12523,22,MALE,INNER_CITY,,YES,1,YES,NO,YES,NO,NO
ID12524,58,FEMALE,INNER_CITY,,YES,0,YES,YES,YES,NO,NO
ID12525,20,MALE,TOWN,,NO,1,YES,NO,YES,NO,YES
ID12526,44,FEMALE,RURAL,,YES,0,NO,YES,YES,NO,NO
ID12527,65,FEMALE,TOWN,,YES,3,NO,YES,NO,NO,NO
ID12528,53,FEMALE,INNER_CITY,,YES,2,YES,NO,NO,NO,YES
ID12529,34,FEMALE,INNER_CITY,,YES,1,YES,NO,YES,YES,YES
ID12530,35,MALE,RURAL,,NO,2,NO,YES,YES,YES,NO
ID12531,48,MALE,TOWN,,YES,0,NO,YES,NO,YES,NO
ID12532,999,FEMALE,TOWN,,YES,1,YES,YES,YES,NO,YES
ID12533,46,MALE,TOWN,,NO,0,YES,YES,YES,YES,NO
ID12534,42,FEMALE,RURAL,,YES,0,NO,NO,YES,YES,YES
ID12535,47,MALE,INNER_CITY,,YES,0,YES,YES,NO,NO,NO
ID12536,23,MALE,TOWN,,NO,2,YES,YES,YES,YES,NO
ID12537,35,MALE,INNER_CITY,,YES,0,YES,NO,NO,YES,YES
ID12538,64,FEMALE,INNER_CITY,,NO,1,YES,YES,NO,YES,YES
ID12539,18,FEMALE,SUBURBAN,,YES,1,NO,NO,YES,NO,NO
ID12540,19,MALE,INNER_CITY,,YES,1,YES,NO,YES,NO,NO
ID12541,40,MALE,INNER_CITY,,YES,1,NO,YES,NO,YES,YES
ID12542,47,MALE,INNER_CITY,,YES,0,YES,YES,YES,NO,NO
ID12543,43,FEMALE,RURAL,,YES,0,YES,YES,YES,NO,NO
ID12544,38,MALE,TOWN,,NO,0,YES,NO,YES,YES,YES
ID12545,21,FEMALE,RURAL,,YES,0,NO,YES,YES,NO,YES
ID12546,40,MALE,RURAL,,YES,0,YES,YES,YES,NO,NO
ID12547,52,FEMALE,TOWN,,YES,0,NO,YES,YES,NO,NO
ID12548,35,FEMALE,TOWN,,YES,2,NO,NO,YES,NO,YES
ID12549,53,MALE,RURAL,,YES,3,YES,YES,NO,NO,YES
ID12550,38,FEMALE,RURAL,,NO,0,YES,YES,YES,NO,YES
ID12551,42,MALE,INNER_CITY,,YES,3,YES,NO,NO,NO,NO
ID12552,43,MALE,TOWN,,NO,0,YES,YES,NO,YES,NO
ID12553,59,FEMALE,INNER_CITY,,NO,0,NO,NO,YES,NO,YES
ID12554,59,FEMALE,RURAL,,NO,0,YES,YES,YES,YES,NO
ID12555,24,MALE,INNER_CITY,,NO,0,NO,YES,YES,YES,NO
ID12556,27,FEMALE,INNER_CITY,,YES,0,YES,YES,YES,NO,NO
ID12557,32,FEMALE,TOWN,,YES,0,YES,YES,YES,YES,NO
ID12558,65,FEMALE,INNER_CITY,,YES,0,NO,YES,YES,NO,NO
ID12559,18,MALE,SUBURBAN,,NO,1,NO,YES,YES,NO,NO
ID12560,66,MALE,TOWN,,YES,1,NO,YES,YES,NO,YES
ID12561,41,MALE,INNER_CITY,,YES,0,YES,NO,YES,YES,YES
ID12562,64,FEMALE,SUBURBAN,,YES,0,YES,YES,NO,YES,NO
ID12563,23,FEMALE,INNER_CITY,,YES,0,YES,NO,YES,YES,YES
ID12564,29,FEMALE,RURAL,,YES,2,YES,NO,YES,NO,NO
ID12565,28,MALE,TOWN,,NO,0,YES,YES,YES,NO,YES
ID12566,57,FEMALE,TOWN,,YES,2,YES,YES,YES,YES,NO
ID12567,38,MALE,INNER_CITY,,YES,0,NO,NO,YES,NO,NO
ID12568,34,FEMALE,SUBURBAN,,NO,3,NO,YES,YES,NO,YES
ID12569,43,MALE,SUBURBAN,,YES,0,NO,NO,YES,NO,YES
ID12570,63,MALE,TOWN,,NO,3,YES,YES,YES,NO,NO
ID12571,62,FEMALE,INNER_CITY,,YES,0,NO,YES,YES,YES,NO
ID12572,51,FEMALE,INNER_CITY,,YES,0,YES,YES,YES,NO,NO
ID12573,61,MALE,INNER_CITY,,YES,2,YES,YES,NO,NO,NO
ID12574,41,FEMALE,TOWN,,NO,0,NO,YES,YES,NO,YES
ID12575,31,FEMALE,TOWN,,NO,1,YES,YES,YES,YES,YES
ID12576,33,FEMALE,TOWN,,YES,2,NO,YES,YES,YES,NO
ID12577,43,MALE,RURAL,,NO,1,NO,NO,YES,NO,YES
ID12578,40,MALE,INNER_CITY,,YES,0,NO,YES,YES,YES,NO
ID12579,47,MALE,TOWN,,YES,2,NO,YES,YES,YES,NO
ID12580,46,MALE,TOWN,,NO,1,YES,YES,YES,NO,YES
ID12581,30,MALE,RURAL,,YES,2,NO,NO,YES,YES,NO
ID12582,47,MALE,INNER_CITY,,NO,2,YES,YES,YES,NO,YES
ID12583,44,MALE,RURAL,,NO,0,NO,YES,YES,YES,NO
ID12584,23,MALE,RURAL,,YES,0,YES,YES,NO,NO,NO
ID12585,28,FEMALE,INNER_CITY,,YES,1,YES,YES,YES,NO,YES
ID12586,64,FEMALE,INNER_CITY,,YES,0,YES,YES,YES,YES,NO
ID12587,35,FEMALE,TOWN,,YES,0,NO,YES,NO,YES,NO
ID12588,19,MALE,RURAL,,YES,1,NO,NO,YES,NO,YES
ID12589,27,FEMALE,TOWN,,YES,3,NO,YES,NO,NO,NO
ID12590,27,MALE,INNER_CITY,,YES,2,NO,YES,NO,NO,YES
ID12591,58,FEMALE,INNER_CITY,,YES,1,YES,YES,NO,YES,YES
ID12592,46,FEMALE,TOWN,,NO,1,YES,YES,YES,NO,YES
ID12593,61,FEMALE,TOWN,,YES,0,YES,YES,NO,YES,YES
ID12594,59,MALE,INNER_CITY,,NO,0,NO,YES,YES,NO,YES
ID12595,47,FEMALE,RURAL,,YES,3,NO,YES,YES,NO,NO
ID12596,44,MALE,INNER_CITY,,YES,0,NO,NO,NO,YES,YES
ID12597,50,MALE,TOWN,,NO,2,YES,YES,YES,YES,YES
ID12598,64,MALE,INNER_CITY,,NO,0,NO,YES,YES,NO,YES
ID12599,51,FEMALE,TOWN,,NO,0,NO,YES,YES,YES,NO
ID12600,46,FEMALE,TOWN,,YES,0,YES,NO,YES,NO,YES
ID12601,39,FEMALE,INNER_CITY,,YES,3,YES,YES,NO,NO,NO
ID12602,58,FEMALE,INNER_CITY,,NO,1,YES,NO,YES,NO,YES
ID12603,32,FEMALE,TOWN,,YES,0,YES,NO,NO,NO,NO
ID12604,22,FEMALE,INNER_CITY,,NO,0,YES,YES,YES,YES,NO
ID12605,63,FEMALE,INNER_CITY,,YES,1,YES,YES,YES,NO,YES
ID12606,35,FEMALE,TOWN,,YES,0,YES,YES,YES,NO,NO
ID12607,59,FEMALE,INNER_CITY,,YES,0,NO,NO,NO,YES,YES
ID12608,22,FEMALE,SUBURBAN,,NO,0,YES,YES,YES,NO,YES
ID12609,60,MALE,SUBURBAN,,NO,2,NO,YES,YES,YES,YES
ID12610,23,FEMALE,RURAL,,YES,2,YES,YES,YES,NO,YES
ID12611,29,FEMALE,TOWN,,YES,0,NO,YES,NO,NO,NO
ID12612,44,MALE,INNER_CITY,,YES,3,NO,YES,YES,NO,NO
ID12613,63,FEMALE,TOWN,,YES,0,YES,YES,YES,YES,NO
ID12614,25,FEMALE,RURAL,,NO,3,NO,YES,YES,NO,NO
ID12615,37,MALE,INNER_CITY,,NO,0,YES,YES,NO,NO,YES
ID12616,48,FEMALE,INNER_CITY,,YES,1,NO,YES,YES,NO,YES
ID12617,35,FEMALE,TOWN,,NO,0,NO,YES,NO,NO,YES
ID12618,51,MALE,TOWN,,YES,1,NO,YES,NO,YES,YES
ID12619,27,FEMALE,TOWN,,NO,3,NO,NO,YES,NO,NO
ID12620,56,FEMALE,INNER_CITY,,YES,3,YES,YES,YES,YES,NO
ID12621,38,FEMALE,INNER_CITY,,YES,2,YES,NO,YES,NO,YES
ID12622,36,FEMALE,TOWN,,YES,2,YES,YES,YES,NO,NO
ID12623,27,MALE,SUBURBAN,,NO,3,NO,YES,YES,YES,NO
ID12624,34,FEMALE,TOWN,,YES,0,YES,YES,NO,YES,NO
ID12625,44,MALE,SUBURBAN,,YES,0,YES,YES,YES,YES,YES
ID12626,43,FEMALE,INNER_CITY,,YES,1,NO,NO,YES,NO,YES
ID12627,32,MALE,INNER_CITY,,NO,2,NO,YES,NO,YES,NO
ID12628,21,FEMALE,TOWN,,NO,1,NO,YES,YES,YES,NO
ID12629,30,FEMALE,INNER_CITY,,YES,2,NO,NO,YES,NO,NO
ID12630,55,MALE,RURAL,,YES,1,YES,YES,YES,NO,NO
ID12631,64,MALE,SUBURBAN,,YES,99,NO,YES,YES,NO,YES
ID12632,36,FEMALE,INNER_CITY,,NO,1,YES,NO,NO,NO,YES
ID12633,59,MALE,INNER_CITY,,NO,1,NO,YES,YES,NO,YES
ID12634,60,MALE,INNER_CITY,,YES,0,YES,NO,YES,YES,YES
ID12635,27,FEMALE,TOWN,,NO,1,YES,YES,YES,YES,NO
ID12636,29,MALE,INNER_CITY,,YES,0,NO,NO,YES,NO,NO
ID12637,53,FEMALE,INNER_CITY,,NO,1,NO,YES,YES,NO,YES
ID12638,61,FEMALE,RURAL,,NO,2,NO,YES,YES,NO,YES
ID12639,43,FEMALE,INNER_CITY,,YES,0,NO,YES,YES,NO,NO
ID12640,158,MALE,INNER_CITY,,YES,0,NO,YES,YES,YES,YES
ID12641,48,FEMALE,INNER_CITY,,YES,1,YES,YES,NO,YES,YES
ID12642,39,MALE,RURAL,,YES,2,NO,YES,YES,NO,YES
ID12643,32,MALE,INNER_CITY,,YES,2,YES,YES,YES,NO,NO
ID12644,63,MALE,SUBURBAN,,YES,1,YES,YES,NO,YES,YES
ID12645,46,MALE,RURAL,,YES,1,YES,YES,YES,NO,YES
ID12646,40,MALE,INNER_CITY,,NO,0,NO,NO,YES,YES,YES
ID12647,27,FEMALE,INNER_CITY,,NO,0,YES,NO,NO,YES,YES
ID12648,22,MALE,SUBURBAN,,YES,2,YES,YES,YES,NO,NO
ID12649,999,MALE,RURAL,,YES,1,YES,YES,YES,NO,YES
ID12650,58,FEMALE,TOWN,,YES,1,YES,YES,YES,YES,YES
ID12651,23,FEMALE,INNER_CITY,,YES,1,YES,NO,YES,NO,NO
ID12652,58,MALE,SUBURBAN,,YES,3,NO,NO,NO,NO,NO
ID12653,45,MALE,INNER_CITY,,YES,2,YES,YES,YES,NO,NO
ID12654,49,FEMALE,SUBURBAN,,YES,0,YES,NO,NO,YES,NO
ID12655,67,FEMALE,INNER_CITY,,YES,3,YES,YES,YES,NO,NO
ID12656,20,FEMALE,TOWN,,YES,2,YES,YES,YES,NO,NO
ID12657,43,FEMALE,RURAL,,YES,1,YES,YES,YES,YES,YES
ID12658,41,MALE,RURAL,,YES,0,NO,NO,YES,NO,NO
ID12659,38,FEMALE,SUBURBAN,,YES,0,NO,YES,YES,NO,NO
ID12660,67,FEMALE,SUBURBAN,,YES,0,NO,NO,YES,YES,YES
ID12661,40,MALE,INNER_CITY,,NO,1,NO,YES,YES,NO,YES
ID12662,25,FEMALE,SUBURBAN,,NO,0,NO,NO,YES,YES,YES
ID12663,57,FEMALE,RURAL,,YES,0,NO,YES,YES,NO,NO
ID12664,32,FEMALE,INNER_CITY,,NO,1,NO,NO,YES,YES,YES
ID12665,44,MALE,SUBURBAN,,YES,0,YES,NO,YES,YES,YES
ID12666,30,MALE,TOWN,,YES,0,YES,YES,NO,NO,NO
ID12667,43,MALE,TOWN,,YES,0,NO,NO,YES,YES,NO
ID12668,19,FEMALE,INNER_CITY,,YES,2,YES,YES,YES,NO,NO
ID12669,37,FEMALE,TOWN,,YES,0,YES,YES,YES,NO,NO
ID12670,49,MALE,INNER_CITY,,NO,1,YES,YES,YES,YES,YES
ID12671,49,FEMALE,RURAL,,NO,3,YES,NO,YES,NO,NO
ID12672,40,MALE,INNER_CITY,,YES,0,NO,NO,NO,NO,NO
ID12673,33,FEMALE,SUBURBAN,,NO,2,NO,YES,YES,NO,YES
ID12674,39,MALE,TOWN,,YES,2,YES,YES,YES,NO,NO
ID12675,43,FEMALE,INNER_CITY,,YES,0,YES,YES,YES,NO,NO
ID12676,37,MALE,TOWN,,YES,0,NO,YES,YES,YES,NO
ID12677,24,FEMALE,TOWN,,YES,1,YES,YES,YES,NO,YES
ID12678,62,MALE,TOWN,,YES,0,YES,YES,NO,NO,YES
ID12679,18,MALE,INNER_CITY,,NO,0,NO,YES,YES,YES,NO
ID12680,47,FEMALE,TOWN,,YES,0,YES,NO,NO,NO,NO
ID12681,63,MALE,SUBURBAN,,YES,2,YES,YES,NO,YES,YES
ID12682,20,MALE,TOWN,,YES,2,YES,NO,YES,YES,NO
ID12683,46,FEMALE,TOWN,21984.4,NO,3,NO,YES,NO,NO,NO
ID12684,47,FEMALE,RURAL,29093.1,NO,2,YES,YES,YES,NO,NO
ID12685,33,MALE,TOWN,23528.4,YES,1,NO,YES,YES,YES,YES
ID12686,20,MALE,TOWN,9516.91,NO,3,YES,YES,YES,NO,NO
ID12687,20,MALE,INNER_CITY,18364.9,YES,1,NO,NO,YES,NO,YES
ID12688,43,FEMALE,TOWN,31273.8,NO,1,YES,YES,NO,NO,YES
ID12689,58,MALE,RURAL,49673.6,YES,0,NO,YES,YES,NO,NO
ID12690,29,MALE,SUBURBAN,12623.4,YES,1,YES,YES,YES,NO,NO
ID12691,25,MALE,INNER_CITY,23818.6,YES,0,NO,NO,NO,NO,NO
ID12692,999,FEMALE,INNER_CITY,31473.9,NO,2,NO,YES,YES,YES,YES
ID12693,48,MALE,TOWN,20268,YES,0,NO,YES,YES,NO,NO
ID12694,65,MALE,SUBURBAN,51417,YES,2,NO,YES,YES,NO,YES
ID12695,59,FEMALE,RURAL,30971.8,YES,3,YES,YES,YES,YES,NO
ID12696,61,FEMALE,INNER_CITY,47025,NO,2,YES,YES,YES,YES,NO
ID12697,30,FEMALE,INNER_CITY,9672.25,YES,0,YES,YES,YES,NO,NO
ID12698,31,FEMALE,TOWN,15976.3,YES,0,YES,YES,NO,NO,YES
ID12699,29,MALE,INNER_CITY,14711.8,YES,0,NO,YES,NO,YES,NO
ID12700,38,MALE,TOWN,26671.6,NO,0,YES,NO,YES,YES,YES
